misspelling,correct,edit_distance,len_diff
Adam,Adam's,2,0
Artair,After,5,3
American,America,3,3
Ane,And,3,2
Apprentiship,Apprenticeship,4,0
Apirl,April,4,2
audre,Audrey,2,1
Autin,Austin,3,1
Babys,Babies,4,1
Bankg,Bang,3,3
Beryil,Beryl,3,3
Bicyle,Bicycle,3,1
Bos,Boss,2,1
Boy,Boys,2,1
Barham,Brabham,4,1
barham,Brabham,4,1
butlins,Butlins,2,2
castels,Castle's,4,1
Chartors,Characters,5,0
Cheere ho,Cheerio,5,4
Cheter,Cheetah,4,1
Comatalevous,Comment allez-vous,9,-4
Comentary,Commentary,3,1
Copper,Cooper,3,2
Cynthia,Cynthia's,2,0
Dearth,Death,3,3
Docter,Doctor,3,2
Dog,Dog's,2,0
Durxer,Durex,4,3
And,End,3,2
Edh,End,4,2
Hed,End,4,2
Evey,Every,3,1
Facttoer,Factory,4,3
Frameman,Farmer,7,4
Farther,Father,3,3
Farrari,Ferrari,3,2
Fiyer,Fire,4,3
Fance,France,3,1
Frgmens,Frogmen's,4,0
Gardon,Garden,3,2
Goef,Geoff,4,1
Good by,Goodbye,3,2
Here,Her,3,3
Im,Him,3,1
He,His,3,1
He's,His,4,3
Holliday,Holiday,3,3
Hondor,Honda,4,3
Honk Kong,Hong Kong,3,2
Id,I'd,3,1
I,I'll,3,-1
Ill,I'll,3,1
ile,I'll,4,1
ill,I'll,3,1
I,I'm,2,0
Im,I'm,3,1
Ive,I've,3,1
I,It,2,1
Itlay,Italy,4,2
Jame,James,3,2
Janes,Jane's,3,1
Japannese,Japanese,3,3
Jeans,Jean's,3,1
jeans,Jean's,3,1
Jone,Joan,4,2
John,John's,2,0
johns,John's,3,1
Johnes,Jones,3,3
Joneses,Jones's,3,2
Joyce,Joyce's,2,0
Jluy,July,4,2
Kidney,Kidneys,2,1
Led,Lead,3,1
Lets,Let's,3,1
Londen,London,3,2
Londod,London,3,2
Long,Lone,3,2
Luckily,Lucky,4,4
macwillaims,Macwilliams,4,2
Marrid,Married,3,1
Marry,Mary,3,3
Mean while,Meanwhile,3,3
Munces,Monkeys,5,1
Motor-bikes,Motorbike,4,4
By,My,3,2
Nexe,Next,3,2
Nickals,Nicholls,5,1
Nos,Nose,2,1
Noet,Note,3,2
Ow,Oh,3,2
Ones,Once,4,2
Won,One,3,2
Out side,Outside,3,3
Phillhill,Phil Hill,3,2
Please,Pleased,2,1
Pome,Poem,3,2
Pollce,Police,3,2
Paulkey,Porky,6,4
Prisern,Prison,4,3
Rango,Ranger,3,1
Roys,Roy,3,3
Royl,Royal,3,1
She,She's,2,0
Slaughthouse,Slaughterhouse,4,0
Smocking,Smoking,3,3
Show,So,4,4
Some one,Someone,3,3
Suothwode,Southwold,6,2
Stanlay,Stanley,3,2
Stranden,Stranded,3,2
Sturt,Stuart,3,1
Swizaland,Switzerland,5,0
Sylver,Sylvia,4,2
sylver,Sylvia,4,2
tv,TV,2,2
Teddoy,Teddy boy,4,-1
Tedeboy,Teddy boy,5,0
Taddyboys,Teddy boys,4,1
Thats,That's,3,1
There,Their,4,2
They,Their,3,1
Their,There,3,2
Ther,There,2,1
They,There,3,1
There,There's,2,0
Thinkng,Thinking,3,1
Tobe,Toby,3,2
Toms,Tom's,3,1
Tomy,Tommy,3,1
Toner,Tonner,3,1
Triumh,Triumph,3,1
trumh,Triumph,4,0
Toy,Troy,3,1
Tow,Two,3,2
watston,Watson,3,3
Wh't,What,3,2
What,What's,2,0
Wiich,Which,3,2
Will,While,4,1
Whos evers,Whoever's,5,3
Wing,Wings,2,1
Ysid,Yard,4,2
Your,You're,3,0
an,a,3,3
abit,a bit,3,1
awill,a while,5,0
abroard,aboard,3,3
a Bat,about,5,2
a bout,about,3,3
absolutly,absolutely,3,1
ack,ache,3,1
half,after,5,1
afterawhile,after a while,4,0
a gain,again,3,3
agan,again,3,1
agian,again,4,2
a go,ago,3,3
hare,air,5,3
alife,alive,3,2
ally,alley,3,1
alloud,allowed,4,1
almity,almighty,4,0
a lone,alone,3,3
a long,along,3,3
allright,alright,3,3
arigh,alright,3,0
aright,alright,3,1
arigth,alright,4,1
or rit,alright,6,1
orrigh,alright,4,1
orright,alright,4,2
allso,also,3,3
als,also,2,1
alter,altar,3,2
all ways,always,4,4
allways,always,3,3
amberless,ambulance,7,2
amblance,ambulance,3,1
amerless,ambulance,7,1
amusments,amusements,3,1
a,an,2,1
and,an,3,3
a,and,2,0
an,and,2,1
aud,and,3,2
hand,and,3,3
animl,animals,3,0
a nother,another,3,3
a nouther,another,4,4
aner,another,5,-1
anwerd,answered,4,0
eney,any,4,3
any on,anyone,3,2
any one,anyone,3,3
any own,anyone,4,3
any thing,anything,3,3
anythink,anything,3,2
anyting,anything,3,1
enthing,anything,4,1
apply,apple,3,2
apple,apples,2,1
apprentiship,apprenticeship,4,0
and,are,4,2
airaear,area,5,5
arent,aren't,3,1
hrmehn,army,6,4
hrmehr,army,6,4
a round,around,3,3
arived,arrived,3,1
ass,as,3,3
has,as,3,3
arsed,asked,4,2
ask,asked,2,0
arsking,asking,3,3
ask,asks,2,1
a seph,asleep,6,2
a sleep,asleep,3,3
a,at,2,1
are,at,4,3
a tall,at all,4,2
a tool,at all,5,2
eat,ate,3,2
et,ate,3,1
ete,ate,3,2
atack,attack,3,1
atened,attend,4,2
audre,audrey,2,1
others,author's,6,0
Aount,autumn,5,1
autunm,autumn,3,2
a way,away,3,3
alfull,awful,4,3
babyes,babies,3,2
babyis,babies,4,2
babys,babies,4,1
babby,baby,3,3
babys,baby,3,3
bake,back,4,2
bakh,back,4,2
doc,back,4,1
barb,barbed,2,0
bear,bare,3,2
bran,barn,4,2
barscket,basket,4,4
basckek,basket,4,3
baskek,basket,3,2
bath,baths,2,1
by,be,3,2
me,be,3,2
we,be,3,2
became,be coming,5,-1
pit,beat,5,1
beting,beating,3,1
beaufiful,beautiful,3,2
bacam,became,3,1
becaues,because,3,2
becouse,because,3,2
bed room,bedrooms,3,2
bf,beef,3,0
bean,been,3,2
bine,been,4,2
be for,before,3,2
befor,before,2,1
behed,behind,4,1
behism,behind,4,2
been,being,3,1
bell ringing,bellringing,3,3
belong,belongs,2,1
bend in,bending,3,2
beets,best,4,3
bet,better,3,-1
beter,better,3,1
beththe,better,4,3
beverly,beverley,3,1
bewere,beware,3,2
bciyle,bicycles,5,0
bing,big,3,3
Big haded,big-headed,4,1
biger,bigger,3,1
bigest,biggest,3,1
build,billed,4,1
brid,bird,4,2
biccuits,biscuits,3,2
biten,bitten,3,1
blow,blew,3,2
bludy,bloody,4,1
blossm,blossom,3,1
bosting,boasting,3,1
bodys,bodies,4,1
bod,body,2,1
bouse,booze,4,2
borrowd,borrowed,3,1
bos,boss,2,1
botton,bottom,3,2
buy,boy,3,2
boy,boy's,2,0
boys,boy's,3,1
boy friend,boyfriend,3,3
boyfreind,boyfriend,4,2
boyfrend,boyfriend,3,1
boyfrends,boyfriend's,4,0
boy,boys,2,1
boy's,boys,3,3
breaks,brakes,4,2
brain,bran,3,3
bravist,bravest,3,2
bred crumes,breadcrumbs,5,2
brack,break,4,2
brick,break,4,2
brecfast,breakfast,4,1
brakes,breaks,4,2
breez,breeze,2,1
brocken,broken,3,3
borther,brother,4,2
brother,brothers,2,1
broug,brought,2,0
brough,brought,2,1
brus,brussels,4,-2
brusels,brussels,3,1
brusls,brussels,4,0
brust,brussels,4,-1
bubbals,bubbles,4,2
billd,build,4,2
billed,build,5,3
buld,build,3,1
billding,building,4,2
bilt,built,3,1
buit,built,3,1
bolot,bullet,5,1
bulet,bullet,3,1
bulete,bullet,4,2
bered,buried,4,1
brun,burn,4,2
bihr,by,5,4
kiffe,cafe,5,3
cald,called,3,0
call,called,2,0
calld,called,3,1
could,called,5,1
carmd,calmed,4,1
comer,calmer,4,1
cam,came,2,1
come,came,3,2
kom,came,4,1
kum,came,4,1
came,can,4,3
cane,can,3,3
cant,can't,3,1
canth,can't,4,2
carn't,can't,3,3
carnt,can't,4,2
candle stick,candlestick,3,3
cain,cane,3,2
can not,cannot,3,3
connot,cannot,3,2
captian,captain,4,2
captman,captain,4,2
catptman,captain,5,3
cpn,captain,5,-2
Star,car,4,3
carrer,career,3,2
carefull,careful,3,3
carful,careful,3,1
carfull,careful,4,2
caresll,carefully,4,0
cared,carried,4,0
carred,carried,3,1
carrid,carried,3,1
carring,carrying,3,1
carlsat,castle,5,3
carsal,castle,4,2
carsell,castle,5,3
cartal,castle,4,2
cartill,castle,5,3
cartsel,castle,5,3
catal,castle,4,1
catsal,castle,4,2
cats,cat's,3,1
cash,catch,4,1
chach,catch,4,2
caugh,caught,2,1
cort,caught,5,0
cought,caught,3,2
celebrate,celebrated,2,1
choin,chain,3,2
chere,chair,5,2
cage,changed,4,-1
characte,character,2,1
charickter,character,4,3
change,charged,3,1
cheeroh,cheerio,4,2
cheter,cheetah,4,1
chow,chew,3,2
chidren,children,3,1
childrenes,children's,3,2
cimbenr,chimney,6,2
cherped,chirped,3,2
ching,choosing,5,-1
choosen,chosen,3,3
christman,christmas,3,2
cinama,cinema,3,2
cinma,cinema,3,1
sercus,circus,4,2
classis,classes,3,2
clater,clatter,3,1
clors,claws,4,2
clearn,clean,3,3
glean,clean,3,2
clean,cleaned,2,0
cleand,cleaned,3,1
clim,climb,2,1
clime,climb,3,2
cimed,climbed,4,0
climb,climbed,2,0
closd,closed,3,1
clous,closed,3,1
cloths,clothes,3,1
clous,clothes,4,0
colhes,clothes,4,1
couldes,clouds,5,3
coulds,clouds,4,2
clob,club,3,2
colbe,club,5,3
cote,coat,4,2
cofens,coffins,4,1
colur,colour,3,1
com,come,2,1
comr,come,3,2
coum,come,3,2
kumh,come,5,2
come,comes,2,1
comvatable,comfortable,5,1
come,coming,3,0
comeing,coming,3,3
comon,common,3,1
coperney,company,6,3
consantrate,concentrate,4,2
cornfield,confide,5,4
caps,cops,3,2
corral,coral,3,3
corres,cores,3,3
corer,corner,3,1
croner,corner,4,2
call,could,4,1
cod,could,3,0
couldnt,couldn't,3,1
count,couldn't,5,-1
counsall,council,5,3
counsel,council,4,2
cousall,council,5,2
coverd,covered,3,1
cow Boys,cowboys,3,3
crept,crapped,4,0
crush,crash,3,2
crowling,crawling,3,2
creek,creak,3,2
creaps,creeps,3,2
creps,creeps,3,1
crepy,creepy,3,1
creeped,crept,5,4
cryed,cried,3,2
crys,cries,4,1
crigckey,crikey,4,4
cresp,crisp,3,2
croud,crowd,3,2
corller,cruel,6,4
cuddly,cuddling,3,0
cobard,cupboard,5,0
cerled,curled,3,2
silinders,cylinders,4,2
bad,dad,3,2
dads,dad's,3,1
dadies,daddy's,5,1
daffodill,daffodils,3,2
dane,dance,3,1
pncing,dancing,4,1
dangers,dangerous,3,0
dangerus,dangerous,3,1
dere,dared,3,1
darnt,daren't,4,0
darck,dark,3,3
dork,dark,3,2
dauter,daughter,4,0
day's,days',3,2
dead,dear,3,2
deat,death,2,1
decider,decided,3,2
desided,decided,3,2
dicide,decided,3,1
dicided,decided,3,2
dicider,decided,4,2
disided,decided,4,2
disson,decision,5,0
dellitent,delicate,6,3
dener,den,4,4
dence,dense,3,2
departent,department,3,1
depatment,department,3,1
distrod,destroyed,4,0
ded,did,3,2
dednt,didn't,4,1
denat,didn't,5,1
didden,didn't,4,2
dident,didn't,4,2
dind,didn't,4,0
diy,die,3,2
ded,died,3,1
diad,died,3,2
disel,diesel,3,1
diffrent,different,3,1
difrent,different,4,0
differcult,difficult,4,3
driy,dirty,4,1
disapeared,disappeared,3,1
disaperd,disappeared,5,-1
dicuverd,discovered,5,0
dispiaying,displaying,3,2
disposol,disposal,3,2
distrebe,disturb,5,3
dich,ditch,3,1
don,do,3,3
done,do,4,4
go,do,3,2
to,do,3,2
donot,do not,3,1
dus,does,4,1
does'nt,doesn't,4,2
does on,doesn't,4,2
doesnet,doesn't,3,2
donsent,doesn't,5,2
dosnt,doesn't,4,0
dowing,doing,3,3
don,don't,2,0
dont,don't,4,2
want,don't,5,1
don,done,2,1
dun,done,3,1
boor,door,3,2
dor,door,3,1
down,door,4,2
doudle,double,3,2
back,douche,6,0
done,down,4,2
donw,down,3,2
dus,down,4,1
dau sosys,downstairs,9,1
down stairs,downstairs,3,3
drian,drain,4,2
drew,draw,3,2
drem,dream,3,1
dreming,dreaming,3,1
drivern,driven,3,3
divers,drivers,3,1
drive,drives,2,1
dround,drowned,4,1
druck,drunk,3,2
drye,dry,3,3
doum,dumb,3,2
pump,dump,3,2
dieing,dying,4,3
eyewigs,earwigs,4,2
eate,eat,3,3
elecenician,electrician,4,2
als,else,3,1
eles,else,3,2
els,else,2,1
imployment,employment,3,2
emty,empty,3,1
enaged,engaged,3,1
ingaged,engaged,3,2
enagement,engagement,3,1
egreers,engines,6,2
injoid,enjoyed,5,1
enyays,enjoys,4,2
a nougth,enough,5,4
a nuff,enough,7,2
engouh,enough,4,2
nuff,enough,6,0
enterd,entered,3,1
aquitment,equipment,4,2
a specally,especially,5,2
evining,evening,3,2
evning,evening,3,1
evey,every,3,1
evry,every,3,1
every one,everyone,3,3
evry on,everyone,4,1
every were,everywhere,4,2
evry were,everywhere,5,1
exited,excited,3,1
expore,explore,3,1
expord,explored,4,0
eye,eyes,2,1
eyey,eyes,3,2
iyes,eyes,3,2
factoy,factory,3,1
fanded,fainted,4,1
forls,falls,4,2
familys,families,4,1
fare,far,3,3
frm,farm,3,1
farm,farmer,2,0
framh,farmer,5,1
frm,farmer,3,-1
frmh,farmer,5,1
farmers,farmer's,3,1
frmh,farmer's,5,-2
fashion,fashioned,2,0
farst,fast,3,3
farther,father,3,3
farther's,father's,3,3
fating,fattening,5,-1
falt,fault,3,1
feal,feel,3,2
feling,feeling,3,1
fee,feet,2,1
fet,feet,3,1
fall,fell,3,2
feemale,female,3,3
ferrary,ferrari,3,2
faw,few,3,2
fed,field,4,0
feild,field,4,2
fild,field,3,1
figth,fight,3,2
figthing,fighting,4,2
fianl,final,4,2
find,fine,3,2
finse,fins,3,3
fiar,fire,3,2
fre,fire,3,1
fiyed,fired,3,2
ferman,firms,5,3
fast,first,4,1
fsh,fish,3,1
fishey,fishy,3,3
fanit,fit,4,4
flass,flash,3,2
fick,flick,3,1
fies,flies,3,1
flor,floor,3,1
foor,floor,3,1
flower,flowers,2,1
fie,fly,4,2
fellowed,followed,3,2
full,fool,4,2
footandmouth,foot-and-mouth,4,0
footanmouth,foot-and-mouth,5,-1
foodprints,footprints,3,2
fo,for,2,1
fore,for,3,3
four,for,3,3
fro,for,3,2
fur,for,3,2
of,for,3,1
fort,for the,3,-1
falk,fork,4,2
frame,form,5,3
forword,forward,3,2
fowd,forward,4,-1
fed,found,4,0
feod,found,4,1
find,found,4,1
fond,found,3,1
for,four,3,1
fore,four,4,2
frizing,freezing,4,1
fenird,friend,6,2
frend,friend,3,1
frendly,friendly,3,1
freinds,friends,4,2
frend,friends,3,0
frends,friends,3,1
frens,friends,4,0
frightend,frightened,3,1
frigtend,frightened,4,0
frog,frogs,2,1
rogs,frogs,3,1
frogsporn,frogspawn,4,2
fom,from,3,1
for,from,3,1
form,from,4,2
frount,front,3,3
frunt,front,3,2
frit,fruit,3,1
fall,full,3,2
ful,full,2,1
funerl,funeral,3,1
funrel,funeral,4,1
funney,funny,3,3
gamekeeps,gamekeeper,3,1
ganer,gang,4,3
carage,garage,3,2
gass,gas,3,3
gait,gate,3,2
cave,gave,3,2
jay,gay,3,2
gere,gear,4,2
gird,geared,5,0
girse,gears,5,2
ge,get,2,1
gett,get,3,3
get,gets,2,1
get,getting,4,-2
geting,getting,3,1
gell,girl,4,2
girls,girl's,3,1
girl friend,girlfriend's,3,1
girlfriend,girlfriends,2,1
gerls,girls,3,2
girl,girls,2,1
give,given,2,1
give,gives,2,1
do,go,3,2
got,go,3,3
go,goes,2,0
go,going,3,-1
gying,going,3,2
go,gone,2,0
gon,gone,2,1
good-by,goodbye,3,2
goodby,goodbye,2,1
get,got,3,2
gnt,got,3,2
go,got,3,2
grab,grabbed,3,-1
grabed,grabbed,3,1
grandpas,grandpa's,3,1
grete,grated,3,1
crave,grave,3,2
grait,great,4,2
gnenhouen,greenhouse,6,1
greive,grieve,4,2
grouser,grocer,4,3
gound,ground,3,1
grouned,ground,3,3
grows,grow,3,3
groon,grown,3,2
guard,guided,4,1
guilt,guilty,2,1
gon,gun,3,2
guter,gutter,3,1
hab,had,3,2
hade,had,3,3
has,had,3,2
have,had,4,3
hadnt,hadn't,3,1
hire,hair,4,2
hair dreser,hairdresser,4,2
harfparst,half past,5,2
alloe,hallo,4,2
halloe,hallo,3,3
hemmsering,hammering,4,3
hang,handed,3,0
hand,hands,2,1
hung,hang,3,2
haing,hanging,4,0
hapend,happened,4,0
hapends,happened,5,1
happen,happened,2,0
happend,happened,3,1
happon,happened,3,0
heap,happened,6,-2
happing,happening,4,0
happends,happens,3,3
happly,happily,3,1
had,hard,3,1
as,has,3,1
hase,has,3,3
hate,hates,2,1
has,have,3,1
hav,have,2,1
of,have,4,0
haveto,have to,3,1
haven's,haven't,3,2
havn't,haven't,3,1
haveing,having,3,3
his,he,4,3
the,he,3,3
ther,he,4,4
his,he's,4,1
hed,head,3,1
hethy,healthy,4,0
heep,heap,3,2
haer,hear,4,2
her,hear,3,1
here,hear,4,2
heared,heard,3,3
her,heard,3,0
herd,heard,3,1
hered,heard,4,2
hart,heart,3,1
hertbreake,heartbreak,4,2
heart,heat,3,3
hevey,heavy,4,2
heg,hedge,3,0
effer,heifer,4,1
hasld,held,4,3
held,help,3,2
She,her,3,2
he,her,2,1
here,her,4,4
there,her,4,4
hear,here,4,3
he slef,herself,5,2
hidon,hidden,4,1
hm,him,3,1
im,him,3,1
him self,himself,3,3
his self,himself,4,3
he,his,3,1
he's,his,4,3
is,his,4,2
hiter,hit,4,4
holler,hole,4,4
hime,home,3,2
hom,home,2,1
homse,home,3,3
honymoon,honeymoon,3,1
hunemoon,honeymoon,4,1
hock,hook,3,2
hop,hope,2,1
hop,hopped,3,-1
horn,horns,2,1
horid,horrid,3,1
horrieyfide,horrified,5,4
houes,house,3,2
house boat,houseboat,3,3
house braking,housebreaking,4,2
houes,houses,3,1
housee work,housework,4,4
hungrey,hungry,3,3
heart,hurt,4,3
hearte,hurt,5,4
hert,hurt,3,2
husbon,husband,3,1
hudge,hutch,5,2
high drollit,hydraulic,9,5
ida,idea,3,1
inded,indian,4,1
indiscrest,indiscreet,3,2
injeck,inject,3,2
injurys,injuries,4,1
insexs,insects,4,1
in side,inside,3,3
instace,instance,3,1
instead,instance,4,1
intercors,intercourse,3,0
intended,interned,4,2
interdust,introduced,6,1
introducted,introduced,3,3
us,is,3,2
in'sen't,isn't,5,5
isant,isn't,4,2
isten,isn't,4,2
isinted,isn't it,6,1
hit,it,3,3
is,it,3,2
she,it,5,3
it,it's,2,0
its,it's,4,2
is,its,3,1
it,its,2,1
it's,its,3,3
jaell,jail,4,3
gare,jar,4,3
joged,jogged,3,1
goin,join,3,2
joine,join,3,3
juiciy,juicy,3,3
jump,jumped,2,0
jumth,jumped,4,1
jungel,jungle,3,2
gust,just,3,2
geep,keep,3,2
keep,keeps,2,1
keept,kept,3,3
kep,kept,2,1
kees,keys,3,2
kiging,kicking,4,1
kidney,kidneys,2,1
kid,killed,4,-1
kild,killed,3,0
kill,killed,2,0
killd,killed,3,1
kiss,kissed,2,0
kichen,kitchen,3,1
kitchin,kitchen,3,2
kitching,kitchen,4,3
new,knew,3,1
now,knew,4,1
nowe,knew,5,2
kiffe,knife,4,2
kniffe,knife,3,3
knitt,knit,3,3
nock,knock,3,1
knock,knocked,2,0
knokt,knocked,4,0
know,knocked,4,-1
nock,knocked,3,-1
no,know,3,0
now,know,3,1
on,know,3,0
knowes,knows,3,3
ladys,lady,3,3
ladh,laid,4,2
laide,laid,3,3
lack,lake,3,2
lam,lamb,2,1
laded,landed,3,1
larg,large,2,1
latley,lately,4,2
lated,later,3,2
latter,later,3,3
lauging,laughing,3,1
lordery,laundry,6,2
ladh,lay,4,3
laid,lay,4,3
la-by,layby,3,2
led,lead,3,1
leeding,lead,6,5
lead,leading,3,-1
leav,leave,2,1
lefnr,leave,5,2
leve,leave,3,1
life,leave,5,1
leavs,leaves,3,1
lift,left,3,2
lege,leg,3,3
lets,let's,3,1
teller,letter,5,2
liy,lie,3,2
life boat,lifeboat,3,3
ligthing,lightning,4,1
lichr,like,5,3
lik,like,2,1
look,like,4,2
lick,liked,3,1
like,likes,2,1
listern,listen,3,3
lisinid,listened,5,1
lsning,listening,5,-1
litel,little,3,1
litte,little,3,1
lifd,lived,4,1
live,lived,2,1
lod,load,3,1
loades,loads,3,3
lock,locked,2,0
lockEd,locked,2,2
loker,locker,3,1
lonlest,loneliest,4,0
look,looked,2,0
look,looking,3,-1
look,looks,2,1
lorry's,lorries,4,2
lord,lorry,3,1
lory,lorry,3,1
loos,lose,3,2
los,lose,2,1
love,loved,2,1
lovyley,lovely,4,3
laying,lying,3,3
mayd,made,3,2
mane,main,4,2
mack,make,3,2
macke up,make-up,4,3
mack,makes,3,1
mae,man,3,2
mand,man,3,3
manh,man,3,3
may,man,3,2
man,man's,2,0
mans,man's,3,1
maneger,manager,3,2
manggles,mangels,4,3
many fold,manifold,4,3
meay,many,4,2
meny,many,3,2
marg,marge,2,1
marrede,married,4,2
marreid,married,4,2
marrid,married,3,1
marryid,married,4,2
marshladn,marshland,3,2
marsk,mask,3,3
marsks,masks,3,3
mater,matter,3,1
we,me,3,2
meadoy,meadow,3,2
meddow,meadow,3,2
medow,meadow,3,1
mean't,meant,3,3
me,meet,2,0
man,men,3,2
metet,metals,4,1
midal,middle,3,1
middal,middle,3,2
midsummer's,midsummer,4,4
migth,might,3,2
mite,might,4,1
my,mine,3,0
mine,minutes,4,-1
minetes,minutes,3,2
morning,miring,4,3
miss fireing,misfiring,5,5
miss,missed,2,0
mist,missed,3,0
modal,model,3,2
molad,model,4,2
malod,modelled,7,-1
missiour,monsieur,5,2
month,month's,2,0
monsth,months,3,2
month,months,2,1
mouth,months,3,1
moor,more,3,2
moning,morning,3,1
morring,morning,3,2
morther,mother,3,3
mothers,mother,3,3
mouthr,mother,4,2
motor-cruisr,motor-cruiser,3,1
moter bike,motorbike,4,3
motor bike,motorbike,3,3
moues,mouse,3,2
mush,much,3,2
mums,mum's,3,1
murber,murder,3,2
murbur,murdered,4,0
musirls,muscles,5,2
may,my,3,3
my self,myself,3,3
my shelf,myself,4,4
mistory,mystery,4,2
nana,nanny,3,1
nere,near,4,2
nerer,nearer,3,1
nearst,nearest,3,1
kneeling,nearly,8,4
neally,nearly,3,2
nealy,nearly,3,1
nely,nearly,4,0
nerly,nearly,3,1
niely,nearly,5,1
nede,need,3,2
nedent,needn't,5,1
needent,needn't,4,2
nabour,neighbour,6,-1
nerve,nerves,2,1
nerves,nervous,4,1
knver,never,4,2
nether,never,4,3
neve,never,2,1
never the less,nevertheless,4,4
nest,next,3,2
tonight,night,4,4
night,nights,2,1
nigth,nights,3,1
ninty,ninety,3,1
niped,nipped,3,1
know,no,4,4
now,no,3,3
on,no,3,2
know on,no one,4,3
know one,no one,4,4
not one,no one,3,3
now one,no one,3,3
nose,noise,3,1
nore,nor,3,3
no,not,2,1
nots,notes,3,1
nousant,nuisance,5,1
nurse's,nurses,3,3
O clock,o'clock,3,2
"o, clock",o'clock,4,3
o clock,o'clock,3,2
oclock,o'clock,4,2
off,of,3,3
on,of,3,2
of,off,3,2
ow,oh,3,2
lod,old,4,2
ol,old,2,1
olddis,oldest,4,2
hn,on,3,2
hon,on,3,3
of,on,3,2
one,on,3,3
ones,once,4,2
own,once,3,1
wons,once,4,2
on,one,2,1
wones,ones,3,3
ony,only,3,1
oped,opened,3,0
open,opened,2,0
opend,opened,3,1
opon,opened,3,0
ot,or,3,2
orcher,orchard,3,1
ordenrey,ordinary,5,2
ophoned,orphaned,4,1
orphaed,orphaned,3,1
other,others,2,1
other wise,otherwise,3,3
hour,our,3,3
ous,our,3,2
out,our,3,2
and selve,ourselves,6,2
hot,out,4,2
ou,out,2,1
ouht,out,3,3
owt,out,3,2
outdrak,outbreak,4,1
out fit,outfit,3,3
out fits,outfits,3,3
out side,outside,3,3
out sild,outside,4,3
hover,over,3,3
ove,over,2,1
overy,over,3,3
payed,paid,4,3
panted,painted,3,1
per,pair,4,1
paralised,paralysed,3,2
parents,parent's,3,1
prarents,parents,3,3
prerents,parents,4,3
pars,parts,3,1
partey,party,3,3
pass,past,3,2
parth way,pathway,4,4
pathment,pavement,4,2
paid,pay,4,3
pirls,pearls,4,1
peope,peep,4,3
peped,peeped,3,1
peolpe,people,4,2
pople,people,3,1
prasp,perhaps,5,0
peason,person,3,2
peter,peter's,2,0
peters,peter's,3,1
petal,petrol,4,1
phone,phoned,2,1
phto,photo,3,1
pick,picked,2,0
picted,picked,3,2
piked,picked,3,1
pick poketin,pickpocketing,4,1
pictuou,picture,4,2
picture,pictures,2,1
pictyres,pictures,3,2
pitures,pictures,3,1
pese,piece,4,1
pice,piece,3,1
pigs,pigs',2,1
play,plan,3,2
payer,play,5,3
playa,player,3,1
play,playing,3,-1
pleace,please,3,2
pleas,please,2,1
ploud,ploughed,4,-1
pocket,pockets,2,1
pooting,pointing,4,1
poicle,police,4,2
poilice,police,3,3
polic,police,2,1
police man,policeman,3,3
policman,policeman,3,1
polce men,policemen,4,2
police men,policemen,3,3
policeman,policemen,3,2
poney,pony,3,3
poped,popped,3,1
passess,possess,3,2
post cards,postcards,3,3
potates,potatoes,3,1
potato,potatoes,2,0
ponds,pounds,3,1
ponud,pounds,4,1
pouder,powder,3,2
prayerbook,prayer-book,3,1
pregant,pregnant,3,1
pregnet,pregnant,4,1
present,presents,2,1
pretiest,prettiest,3,1
prettest,prettiest,3,1
preety,pretty,3,2
pray,prey,3,2
principl,principle,2,1
prisin,prison,3,2
privait,private,3,2
probally,probably,3,2
proceded,proceeded,3,1
programe,programme,3,1
programes,programmes,3,1
prostut,prostitute,4,-1
prouls,prowls,3,2
pull,pulled,2,0
puntuation,punctuation,3,1
pusbycile,push-bicycle,7,-1
but,put,3,2
pht,put,3,2
pot,put,3,2
qurral,quarrel,4,1
quere,queer,3,2
question,questioned,2,0
quiert,quiet,3,3
quily,quietly,4,0
quitely,quietly,4,2
quite,quit,3,3
quit,quite,2,1
rabbit,rabbits,2,1
raceing,racing,3,3
radyator,radiator,3,2
run,ran,3,2
raperly,rapidly,4,2
reding,reading,3,1
realy,ready,3,2
reddy,ready,3,2
redey,ready,4,2
realise,realized,3,1
realy,really,3,1
reley,really,4,1
reper,reap,5,3
reconnised,recognized,4,2
refection,refreshing,6,1
registery,registry,3,3
replid,replied,3,1
replie,reply,4,3
retier,retire,3,2
reveirse,reverse,3,3
recher,richer,3,2
rigth,right,3,2
rings,ring,3,3
ripper,ripper's,2,0
rad,road,3,1
raod,road,4,2
rod,road,3,1
rorse,roars,4,2
rhfn,roof,5,2
rought,rough,3,3
rougth,rough,3,3
rownd,round,3,2
roundabout,round about,3,1
rouns,rounds,3,1
rowd,rowed,3,1
rumer,rumour,4,1
ran,run,3,2
runaway,run away,3,1
run,running,4,-2
runaway,runway,3,3
rust,rushed,3,0
rusall,rustle,4,2
safaly,safely,3,2
sald,said,3,2
sed,said,4,1
sedn,said,5,2
seid,said,3,2
siad,said,4,2
sid,said,3,1
sidn,said,4,2
saled,sailed,3,1
sally,sallies,3,0
safe,save,3,2
see,saw,4,2
soor,saw,5,3
sor,saw,4,2
sore,saw,5,3
sorw,saw,4,3
sow,saw,3,2
said,say,4,3
sais,says,3,2
say,says,2,1
seis,says,4,2
scards,scares,3,2
shool,school,3,1
scem,scream,4,0
seveen,screen,4,2
sculptor,sculpture,3,1
see,sea,3,2
seach,search,3,1
sat,seat,3,1
sexeon,second,4,2
secutery,secretary,5,1
se,see,2,1
see,seeing,3,-1
semed,seemed,3,1
see,sees,2,1
slevish,selfish,5,2
seling,selling,3,1
senour,senor,3,3
ses,sex,3,2
sixty one,sexton,6,5
exual,sexual,3,1
sexul,sexual,3,1
she,shall,3,0
he,she,3,1
the,she,3,2
shilling,shillings,2,1
shinning,shining,3,3
ship wreck,shipwreck,3,3
shon,shone,2,1
shot,shoot,3,1
shap,shop,3,2
shortend,shortened,3,1
sot,shot,3,1
shod,should,3,0
shoold,should,3,2
shoud,should,3,1
sould,should,3,1
shout,shouted,2,0
shout,shouting,3,-1
shufarling,shuffling,4,3
shock,shut up,5,0
shiy,shy,3,3
side car,sidecar,3,3
side care,sidecar,4,4
sine post,signpost,5,3
sing post,signpost,4,3
simpl,simple,2,1
sings,sing,3,3
singl,single,2,1
satren,siren,4,3
siter,sister,3,1
sister,sisters,2,1
siting,sitting,3,1
scill filly,skilfully,6,4
slander,slammed,5,2
slaughthouse,slaughterhouse,4,0
seph,sleep,5,1
slip,sleep,4,1
sleepey,sleepy,3,3
slolly,slowly,3,2
snake,snakes,2,1
sneking,sneaking,3,1
snoty,snooty,3,1
snowe,snow,3,3
soape,soap,3,3
sope,soap,4,2
soled,sold,3,3
shm,some,3,1
somes,some,3,3
sum,some,3,1
some on,someone,3,2
some one,someone,3,3
some thing,something,3,3
somethick,something,4,2
somethink,something,3,2
somthing,something,3,1
sothing,something,4,0
some thime,sometimes,4,3
some time,sometimes,3,2
some times,sometimes,3,3
sometime,sometimes,2,1
sone theme,sometimes,6,3
some were,somewhere,4,2
son,soon,3,1
sone,soon,4,2
sonner,sooner,3,2
saw,sore,4,1
sownd,sound,3,2
suvenere,souvenir,5,2
sow,sows,2,1
sporn,spawn,4,2
seking,speaking,4,0
spicil,special,4,1
spectatoes,spectators,3,2
spys,spies,4,1
splended,splendid,3,2
spring,springs,2,1
spund,spun,3,3
spiy,spy,3,3
squar,square,2,1
squick,squeak,4,2
stabed,stabbed,3,1
sairs,stairs,3,1
stars,stairs,3,1
sters,stairs,4,1
stardnd,standard,5,1
staning,standing,3,1
stearing,staring,3,3
stare,stars,3,2
starte,start,3,3
startes,started,3,2
straghted,started,5,4
starst,starts,3,2
start,starts,2,1
statmeant,statement,4,2
stastione,station,4,4
stad,stayed,3,0
stayd,stayed,3,1
stack,steak,4,2
still,steal,4,2
stearing,steering,3,2
stepe,step,3,3
stawing,stewing,3,2
stive,stiff,4,2
sill,still,3,1
simulated,stimulated,3,1
sticks,stinks,3,2
stowl,stole,3,2
stolon,stolen,3,2
stowle,stolen,3,2
stowlen,stolen,3,3
stop,stopped,3,-1
stoped,stopped,3,1
story,stories,3,0
stormes,storms,3,3
hio,story,4,0
shio,story,4,1
sory,story,3,1
stors,story,3,2
staidght,straight,4,2
strate,straight,4,0
stright,straight,3,1
storw,straw,4,2
strow,straw,3,2
sterret,street,4,3
strogald,struggled,5,1
stufy,stuffy,3,1
suden,sudden,3,1
senddly,suddenly,6,1
suddenel,suddenly,3,2
surtebull,suitable,6,3
son,sun,3,2
sunck,sunk,3,3
sopose,suppose,4,1
surpose,suppose,3,2
shore,sure,4,3
swan,swans,2,1
swet,sweets,3,0
swaling,swirling,4,1
switch,switched,2,0
tadpolls,tadpoles,3,2
tack,take,3,2
thack,take,4,3
thak,take,3,2
tackon,taken,4,3
tacks,takes,4,2
thak,takes,3,1
takeing,taking,3,3
thaing,taking,4,2
tallk,talk,3,3
torck,talk,5,3
tork,talk,4,2
tork,talked,4,0
tipped,tape,5,4
tast,taste,2,1
teacher,teachers,2,1
teset,teaches,5,0
teddoy,teddy boy,4,-1
tedeboy,teddy boy,5,0
teddyboys,teddy boys,3,1
theeat,teeth,4,3
telephone,telephoned,2,1
telphoned,telephoned,3,1
teel,tell,3,2
tens,tense,2,1
thank,thanks,2,1
theat,that,3,3
thats,that's,4,2
ge,the,4,1
he,the,3,1
th,the,2,1
thee,the,3,3
they,the,3,3
thoy,the,4,3
theer,their,3,2
there,their,5,3
they,their,3,1
thire,their,4,2
the,them,2,1
theme,them,3,3
then,them,3,2
them souve,themselves,5,2
they self,themselves,5,1
than,then,3,2
the,then,2,1
them,then,3,2
they,then,3,2
he,there,3,-1
thaw,there,4,1
the,there,2,0
their,there,4,3
ther,there,2,1
they,there,3,1
thrar,there,4,2
thre,there,3,1
therell,there'll,3,1
there,there's,2,0
theres,there's,3,1
thoese,these,3,3
the,they,2,1
there,they,4,3
thrar,they,5,3
thror,they,5,3
theile,they'll,5,1
their,they'll,4,0
there,they're,4,0
thif,thief,3,1
theves,thieves,3,1
think,thing,3,2
think,things,3,1
thinks,things,3,2
thank,think,3,2
thing,think,3,2
tink,think,3,1
tinking,thinking,3,1
thomes,thomas,3,2
thort,thought,4,0
thorugh,thought,3,2
thot,thought,4,-1
though,thought,2,1
throught,thought,3,3
thee,three,3,1
frow,threw,5,1
through,threw,6,4
throw,through,3,0
thruogth,through,5,3
thorght,throw,6,4
tired,tied,3,3
utill,till,3,3
thim,time,3,2
tim,time,2,1
tin,tinned,3,-1
tiper,tip,4,4
tope,tip,4,3
tipe,tipped,3,0
qu,to,4,2
the,to,4,3
too,to,3,3
tow,to,3,3
two,to,4,4
to gether,together,3,3
to,told,2,0
tod,told,3,1
toled,told,3,3
to morrow,tomorrow,3,3
tommorrow,tomorrow,3,3
tung,tongue,3,0
to night,tonight,3,3
to nigth,tonight,4,3
tonigth,tonight,3,2
toner,tonner,3,1
to,too,3,2
two,too,3,2
thc,took,4,1
too,took,2,1
tuck,took,4,2
toch,touched,3,-1
towords,towards,3,2
towe,towel,2,1
tower,towers,2,1
trator,tractor,3,1
tamp,tramp,3,1
trmp,tramp,3,1
trmp,tramps,3,0
crat,trap,4,2
tashie,trashy,5,2
thresher,treasure,6,2
tresure,treasure,3,1
three,tree,3,3
treee,tree,3,3
tree,trees,2,1
trid,tried,3,1
trobel,trouble,4,1
troefle,trouble,4,2
truble,trouble,3,1
traing,trying,3,2
tring,trying,3,1
trining,trying,4,3
try,trying,3,-1
tern,turn,3,2
turne,turn,3,3
twentone,twenty one,4,0
to,two,3,1
unlce,uncle,4,2
uncoshers,unconscious,7,0
an cafferd,uncovered,8,3
undergroth,undergrowth,3,1
under nethe,underneath,5,3
unispected,unexpected,4,2
unfitt,unfit,3,3
on hethy,unhealthy,6,1
uatill,until,4,3
untill,until,3,3
apen,upon,4,2
apone,upon,4,3
up stairs,upstairs,3,3
hus,us,3,3
use,us,3,3
use't,used,4,3
ust,used,3,1
usfull,useful,4,2
usally,usually,3,1
veracular,vernacular,3,1
every,very,3,3
vent,vet,3,3
vethn,vet,4,4
vethu,vet,4,4
vetin,vet,4,4
volonteered,volunteered,3,2
wagon,waggon,3,1
wat,wait,3,1
wate,wait,4,2
weight,wait,5,4
wated,waited,3,1
whated,waited,4,2
waten,waiting,4,0
wating,waiting,3,1
whating,waiting,4,2
walk,walked,2,0
wark,walked,3,0
warked,walked,3,2
wocer,walked,6,1
warking,walking,3,2
molh,wall,5,2
wah,wall,3,1
wand,want,3,2
wat,want,3,1
whan't,want,4,4
whant,want,3,3
whon,want,4,2
whont,want,4,3
won't,want,4,3
wont,want,3,2
woth,want,5,2
whanted,wanted,3,3
whated,wanted,4,2
wonted,wanted,3,2
want,wants,2,1
wornd,warned,4,1
we,was,3,1
wos,was,3,2
wosh,wash,3,2
wosh,washed,3,0
wasnt,wasn't,3,1
wastent,wasn't,5,3
whan't,wasn't,4,2
whdn't,wasn't,4,2
wach,watch,3,1
wacth,watch,4,2
wakh,watch,4,1
wash,watch,4,1
watcheing,watching,3,3
waterrat,water-rat,3,1
wavey,wavy,3,3
wel,we'll,3,0
well,we'll,3,1
will,we'll,4,1
were,we're,3,1
wasel,weasel,3,1
wead,weed,3,2
weeke,week,3,3
week ends,weekends,3,3
weekend,weekends,2,1
week,weeks,2,1
weping,weeping,3,1
wade,weighed,6,-1
waid,weighed,5,-1
waying,weighing,6,0
sent,went,3,2
wen,went,2,1
wend,went,3,2
wens,went,3,2
wet,went,3,1
weth,went,4,2
wetn,went,3,2
when,went,3,2
whenet,went,4,4
whent,went,3,3
wit,went,4,1
wnet,went,4,2
wher,were,3,2
where,were,3,3
were'nt,weren't,4,2
wern't,weren't,3,1
whernt,weren't,5,1
weat,wet,3,3
want,what,4,2
wat,what,3,1
wate,what,4,2
wath,what,4,2
wha't,what,3,3
whate,what,3,3
whats,what,3,3
whot,what,3,2
wot,what,4,1
what,what's,2,0
whats,what's,3,1
what ever,whatever,3,3
weel,wheel,3,1
wen,when,3,1
went,when,4,2
whe,when,2,1
where,when,4,3
were,where,3,1
were ever,wherever,5,3
where ever,wherever,4,4
wich,which,3,1
witch,which,4,2
wil,while,3,0
wiskey,whiskey,3,1
wiscell,whistle,6,2
wisheld,whistled,6,1
withe,white,4,2
how,who,4,2
who evers,whoever's,4,2
hows,whose,4,1
who,whose,2,0
we'll,will,4,3
wippd,wiped,3,2
wich,witch,3,1
wiche,witch,4,2
wiht,with,3,2
wis,with,3,1
with out,without,3,3
wok,woke,2,1
wamon,woman,4,2
women,woman,3,2
womon,woman,3,2
one,won,4,2
won,won't,2,0
wont,won't,3,1
wund,wonder,3,0
wunder,wonder,3,2
wonder,wondered,2,0
wondoful,wonderful,4,1
work,working,3,-1
work men,workmen,3,3
wonrs,works,4,2
work,works,2,1
wors,works,3,1
worme,worm,3,3
worid,worried,4,0
worred,worried,3,1
worye,worry,4,2
rite,write,3,1
writeing,writing,3,3
ron,wrong,3,0
rong,wrong,3,1
wong,wrong,3,1
roat,wrote,4,1
yanky,yankee,3,1
year,years,2,1
yers,years,3,1
yess,yes,3,3
yet,yes,3,2
yeth,yet,3,3
yew,you,4,2
your,you,3,3
yow,you,4,3
you,you'll,3,-1
your,you'll,3,0
your,you're,3,0
yow,you're,4,-1
you,you've,3,-1
yung,young,3,1
yor,your,3,1
you,your,2,1
youre,your,3,3
you,yours,2,0
yourns,yours,3,3
your self,yourself,3,3
your sleve,yourself,6,4
yourseff,yourself,3,2
